category,compatibility,languages,name,price,rating,size
 Medical, OS X 10.6.6 , English,Brain Section 3D,$0.99 ,1.8, 21.4 MB
 Medical, OS X 10.9  ," English, Japanese, Simplified Chinese, Traditional Chinese",Appendicitis Radiology in Pregnancy,,, 187.2 MB
 Medical, OS X 10.7  , English,CRNE Exam Prep,$4.99 ,, 707.2 KB
 Lifestyle, OS 10.12  , English,Dyrii Journal,,4.2, 14.2 MB
 Health & Fitness, OS X 10.8  ," English, German",Eye Fitness,$1.99 ,5, 38 MB
 Medical, OS 10.12  ," English, French, German, Italian, Japanese, Portuguese, Simplified Chinese, Spanish",Futudent Recording Software,,2.3, 5.5 MB
 Medical, OS X 10.6  , English,Grays Anatomy Student Edition,,4.4, 570.1 MB
 Medical, OS X 10.7  , English,Human Anatomy,,1.5, 93.8 MB
 Medical, OS X 10.10  , English,Instant Anatomy,,, 1.8 GB
 Medical, OS X 10.6.6 , English,Living Lungâ„¢ - Lung Viewer,Free,4.6, 41.3 MB
 Medical, OS X 10.6  ," English, French, German, Italian, Portuguese, Spanish, Turkish",My Medical,$9.99 ,2.3, 4.5 MB
 Medical, OS X 10.10  , English,NightTone (Night light filter),$2.99 ,3, 3.1 MB
 Health & Fitness, OS X 10.6  , English,Ovulation Calendar,$4.99 ,2, 4.6 MB
 Education, OS X 10.6  , English,PTA Physical Therapy Assistant Exam Prep,,5, 1.3 MB
 Education, OS X 10.6  , English,Respiratory Therapist Exam Prep,,, 1.2 MB
 Medical, OS X 10.7  , English,Surgical Anatomy - Premium Edition,,2, 93.5 MB
 Medical, OS X 10.5  ," English, Japanese",TraiMonitorMiniEt,Free,, 1.6 MB
 Medical, OS X 10.10  , English,Track My Rx,,2.5, 2.3 MB
 Business, OS X 10.7  , English,ToothPicsX,,, 8.8 MB
 Medical, OS X 10.8 , English,Tooth Anatomy,$1.99 ,, 42.9 MB
 Education, OS X 10.8  ," English, German",This is my body - Anatomy for kids,$5.99 ,4, 61.3 MB
 Utilities, OS X 10.6.6  , English,Text Speaker Star + Export,Free,1.5, 2 MB
 Medical, OS X 10.6  ," English, French, German, Italian",Tangerine,,, 739.9 KB
 Medical, OS X 10.9.0  ,,Tandem Device Updater,,3.7, 11.1 MB
 Medical, OS X 10.11  , Portuguese,"Tabelas da SaÃºde (CID10, TUSS)",,, 2.8 MB
 Medical, OS X 10.11  , English,Sugarmate Glance,,4.7, 8.5 MB
 Health & Fitness, OS X 10.6  , English,Stop Smoking Now,,4, 172.4 MB
 Health & Fitness, OS X 10.6 ," English, German",Stop Smoking,$0.99 ,3.5, 277.1 KB
 Medical, OS X 10.8 , English,Stomach,$2.99 ,, 40.7 MB
 Medical, OS X 10.7  ," English, French, Italian, Spanish",Spanish-English Medical Dictionary (Offline),$4.99 ,, 11.3 MB
 Health & Fitness, OS X 10.6  , English,Sleep Now,$2.99 ,4.4, 165.4 MB
 Medical, OS X 10.8 , English,Skin Section 3D,$1.99 ,, 40.1 MB
 Medical, OS X 10.9.0  , English,Skeleton 3D Anatomy,,4.1, 223.1 MB
 Medical, OS X 10.8  , English,Skeletal System Pro III,$14.99 ,3, 534.8 MB
 Medical, OS X 10.7.3 , English,Simple Odontogram,,, 61.4 MB
 Graphics & Design, OS X 10.10  ," English, French",Sim Daltonism,Free,4.9, 5 MB
 Medical, OS X 10.8  , English,Shoulder Pro III with Animations,$9.99 ,1, 298 MB
 Medical, OS X 10.11  , English,Sciatic Pain Relief,,1, 3.2 MB
 Medical, OS X 10.6.6 , English,Sagittal Skull 3D,,, 21.1 MB
 Medical, OS X 10.10  , English,Rendia Favorites,,5, 1.3 MB
 Medical, OS X 10.10  , English,REMDR,$299.99 ,, 711.3 KB
 Health & Fitness, OS X 10.11  , English,Reflexology,$4.99 ,, 3.4 MB
 Health & Fitness, OS X 10.11  , English,Reflexology Techniques,$6.99 ,1, 4.1 MB
 Medical, OS X 10.9  , Spanish,RecetaDesktop,,, 15.8 MB
 Medical, OS X 10.6  , English,Psychopharmacology Suite,,, 8.5 MB
 Education, OS 10.15  ," English, Dutch, French, Spanish",Proloquo2Go,$124.99 ,, 679.2 MB
 Medical, OS 10.15  , English,Project LAB,,5, 1.4 MB
 Medical, OS X 10.9.0  ," English, Amharic, Arabic, Bengali, Bulgarian, Catalan, Croatian, Czech, Danish, Dutch, Estonian, Filipino, Finnish, French, German, Greek, Gujarati, Hebrew, Hindi, Hungarian, Indonesian, Italian, Japanese, Kannada, Korean, Latvian, Lithuanian, Malay, Malayalam, Marathi, Norwegian BokmÃ¥l, Persian, Polish, Portuguese, Romanian, Russian, Serbian, Simplified Chinese, Slovak, Slovenian, Spanish, Swahili, Swedish, Tamil, Telugu, Thai, Traditional Chinese, Turkish, Ukrainian, Vietnamese",ProDoctor Medicamentos,,, 48 MB
 Health & Fitness, OS X 10.11  , English,Prenatal Yoga Pregnancy Fitnes,,5, 55.2 MB
 Utilities, OS X 10.10  , English,Pregnancy Calculator,,, 19.5 MB
 Health & Fitness, OS X 10.6.6 , English,Pranayama Free,Free,4.1, 22.9 MB
 Health & Fitness, OS X 10.6.6 , English,Pranayama,$6.99 ,4.3, 22.9 MB
 Medical, OS X 10.9.0  ," English, Amharic, Arabic, Bengali, Bulgarian, Catalan, Croatian, Czech, Danish, Dutch, Estonian, Filipino, Finnish, French, German, Greek, Gujarati, Hebrew, Hindi, Hungarian, Indonesian, Italian, Japanese, Kannada, Korean, Latvian, Lithuanian, Malay, Malayalam, Marathi, Norwegian BokmÃ¥l, Persian, Polish, Portuguese, Romanian, Russian, Serbian, Simplified Chinese, Slovak, Slovenian, Spanish, Swahili, Swedish, Tamil, Telugu, Thai, Traditional Chinese, Turkish, Ukrainian, Vietnamese",Practysâ€“Healthcare Management,Free,1, 51.8 MB
 Medical, OS X 10.8  , English,PPD Screening,,5, 4.2 MB
 Medical, OS 10.12  ," English, Simplified Chinese",PM10 software,,4, 551.9 KB
 Photography, OS X 10.11  ,,PlasticityPhotos,$9.99 ,, 34.6 MB
 Photography, OS X 10.6  ," English, French, German, Italian, Japanese, Korean, Portuguese, Simplified Chinese, Spanish",Plastic Surgery Simulator,,2.3, 2.8 MB
 Utilities, OS 10.14  ," English, French, Japanese, Spanish",PinPoint Mouse Enhancer,$3.99 ,3.4, 2.3 MB
 Medical, OS X 10.6 , English,Pill Timer,$2.99 ,1.8, 3.7 MB
 Education, OS X 10.6  , English,Phlebotomy Exam Prep,,, 1.7 MB
 Medical, OS X 10.7  , English,PharmacyTechnician,$4.99 ,2, 2.2 GB
 Health & Fitness, OS X 10.7  , English,PersonalPrescriptionTracker,$9.99 ,, 1.1 MB
 Medical, OS X 10.6.6 , English,Perfect Tooth,$59.99 ,1, 79.3 MB
 Health & Fitness, OS X 10.9  , English,Perfect Diet Tracker,,3.3, 17 MB
 Medical, OS X 10.8  ," English, German",Pedbone,$1.99 ,4, 123.7 MB
 Medical, OS X 10.11  , English,PCAT Practice Exam 2018,,, 15.2 MB
 Medical, OS 10.12  , English,Patient Tracker PCPT,Free,, 6.2 MB
 Medical, OS X 10.6  , English,PathCare,Free,, 56.9 MB
 Medical, OS X 10.11  , English,Paramedic Practice Test 2019,,5, 17.1 MB
 Medical, OS X 10.6  , English,PANCE Tests,$2.99 ,2, 4.4 MB
 Medical, OS X 10.7  , English,PANCE Exam Prep,$4.99 ,2, 5.4 MB
 Medical, OS X 10.10  , English,PanaceaIOLToricCalcD,,5, 15.8 MB
 Health & Fitness, OS 10.13  , English,Pace,Free,3.7, 3.7 MB
 Health & Fitness, OS 10.12  , English,Ovulation Calculator,,, 10.9 MB
 Medical, OS X 10.11  , English,Orthopedic Patient Education,$59.99 ,2, 1.2 GB
 Medical, OS X 10.7  , English,OriHime,Free,, 440.9 KB
 Medical, OS 10.13  , German,OPS 2018,,, 9.3 MB
 Reference, OS X 10.7 ," English, Russian",Operator's Dictionary,,, 5.4 MB
 Health & Fitness, OS X 10.8  ," English, Danish, Dutch, French, German, Italian, Romanian, Russian, Spanish, Turkish",Omron Bi-LINK Gateway,Free,1.2, 5 MB
 Medical, OS X 10.7 , English,OnScreen DNA Model,$2.99 ,3.6, 2.2 MB
 Medical, OS X 10.10  , English,OKN Strips,$4.99 ,4, 2.2 MB
 Medical, OS X 10.7  , English,"Neurological Disorders (Depression, Alzheimer's Disease, Parkinson's Disease, Psychology and Psychiatry)",Free,2.8, 26.8 MB
 Medical, OS X 10.7  , English,NCLEX-RN Tests,$19.99 ,1.5, 7.3 MB
 Medical, OS X 10.7  , English,NCLEX-RN Exam Prep,$2.99 ,1, 5.5 MB
 Education, OS X 10.6  , English,NCLEX-PN Nursing Exam Prep,,, 1.3 MB
 Medical, OS X 10.7  , English,NCLEX-PN Exam Prep,$4.99 ,, 5.5 MB
 Medical, OS X 10.7  , English,NCLEX PN Practice Test,$7.99 ,, 9.5 MB
 Medical, OS X 10.7.4  , English,NBIA Data Retriever,Free,, 83.6 MB
 Medical, OS X 10.7  , English,NBDE Practice Test,$7.99 ,, 6.7 MB
 Medical, OS X 10.9  , English,My Health Report,$5.99 ,, 2 MB
 Health & Fitness, OS X 10.9  , English,My BMI Calculator,$0.99 ,, 764.5 KB
 Medical, OS X 10.9.0  , English,Muscle | Skeleton - 3D Anatomy,,2.6, 283.4 MB
 Medical, OS X 10.7  , English,Muscle Trigger Point Anatomy,$2.99 ,3.5, 21 MB
 Medical, OS X 10.8  , English,Muscle System Pro III,$19.99 ,3, 832.1 MB
 Medical, OS X 10.9.0  ," English, French, German, Italian, Japanese, Simplified Chinese, Spanish",Muscle Premium,,4.2, 1.2 GB
 Education, OS 10.13  , English,Msc.Thrombosis,,, 6.6 MB
 Medical, OS X 10.7  , English,MRIcro,Free,2.9, 387.7 KB
 Health & Fitness, OS X 10.10  , English,Monitor My BP,,1, 2.1 MB
 Medical, OS X 10.10  ," English, German, Traditional Chinese",Monitor,Free,5, 7.7 MB
 Medical, OS 10.12  , English,MIKit,,, 16.7 MB
 Medical, OS X 10.9  ," English, French, German, Italian, Japanese, Simplified Chinese, Spanish",Miele-LXIV,,4.9, 43.3 MB
 Health & Fitness, OS X 10.10  , English,Menstrual Period Tracker,$5.99 ,4.1, 1.2 MB
 Medical, OS X 10.10  , English,MediConnect,,, 2.2 MB
 Medical, OS X 10.10  , English,Medication,$2.99 ,1.3, 3.7 MB
 Medical, OS X 10.8  , English,Medical-Surgical RN Exam,$7.99 ,1, 2.9 MB
 Medical, OS X 10.11  , English,Medical Terminology,$2.99 ,1.5, 8.3 MB
 Medical, OS X 10.7  , English,Medical Surgical Nurse Certification Prep,$4.99 ,1, 1.1 MB
 Medical, OS X 10.7  , English,Medical School,$4.99 ,4, 4.6 GB
 Medical, OS X 10.8  , English,Medical Software,$29.99 ,, 621.2 KB
 Medical, OS X 10.8  , English,Medical Practice Tests,Free,2, 7.5 MB
 Medical, OS X 10.10  , English,Medical Lab Reference,,3, 899.7 KB
 Productivity, OS 10.13  , English,Medical Equipment Manager,Free,, 9.1 MB
 Education, OS X 10.6  , English,Medical Coding Exam Prep,,, 1.3 MB
 Medical, OS X 10.6  , English,MCAT Tests,$5.99 ,2, 7.6 MB
 Medical, OS X 10.7  , English,MCAT Practice Test,$7.99 ,4, 5 MB
 Medical, OS X 10.7  , English,MBBS Year I by WAGmob,Free,3, 56 MB
 Medical, OS X 10.7  , English,MBBS Year II by WAGmob,Free,, 22.6 MB
 Medical, OS X 10.9  , English,May Measurement Month,,, 3.9 MB
 Medical, OS X 10.11  ," English, Dutch, French, German, Italian, Japanese, Korean, Portuguese, Russian, Simplified Chinese, Spanish, Traditional Chinese",Massage Maps â€¢ Reflexology,"ght Â© 2014 - 2019, Brave Cakes Studio",1, 6.7 MB
 Medical, OS X 10.6  , English,"Marijuana Handbook - The Ultimate Medical Cannabis Guide With The Best of Edible, Ganja Strains, Weed Facts, Bud Slang and More!",,4.4, 11.9 MB
 Education, OS X 10.6  , English,Managed Care Nursing Exam Prep,,, 1.1 MB
 Medical, OS X 10.6.6 , English,Liver Viewer,Free,5, 95.1 MB
 Medical, OS X 10.6 , English,Leg Muscles Motion,$0.99 ,1, 56.6 MB
 Education, OS X 10.7  , English,Learning Physics,$2.99 ,1.5, 113.5 MB
 Medical, OS X 10.8  , English,Leaf Guide,,3.7, 123.3 MB
 Medical, OS X 10.11  , English,Lab Tests,$2.99 ,, 6.8 MB
 Health & Fitness, OS X 10.8  ," English, Dutch, Finnish, French, German, Greek, Italian, Japanese, Korean, Polish, Portuguese, Russian, Simplified Chinese, Spanish, Swedish, Traditional Chinese",InfoUSB,Free,2.1, 1.6 MB
 Medical, OS 10.14.2  , English,ImplantViewer,Free,, 276.9 MB
 Medical, OS X 10.7 ," English, Bengali, Dutch, French, German, Italian",IMCPro,,3.3, 6.4 MB
 Medical, OS X 10.7.5  , English,ICD-9&10 GEM,,4.8, 2 MB
 Medical, OS X 10.9  , German,ICD-10 2018,,1, 119.6 MB
 Medical, OS 10.12  , English,ICD Wrangler,,5, 358.3 MB
 Medical, OS X 10.10  , English,ICD Offline Database,,, 11.4 MB
 Medical, OS X 10.7 , German,Homoeopathie akut,,4, 12.4 MB
 Medical, OS X 10.7  , English,ICD 10 CM (2013 codes),$2.99 ,1, 8.1 MB
 Medical, OS X 10.7  , English,Home Remedies,,5, 7.5 MB
 Medical, OS X 10.9  , English,HL7 to DICOM Worklist,Free,, 2.9 MB
 Medical, OS 10.12  , English,HL7 Analyzer,,3, 4.1 MB
 Medical, OS X 10.6.6 , English,HIV 3D study,,3, 34.5 MB
 Medical, OS X 10.8  , English,Hip Pro III with Animations,,3, 459.3 MB
 Medical, OS X 10.6 , English,Hip Nerves Ending,$1.99 ,3, 58.3 MB
 Lifestyle, OS X 10.10  , English,Herb Tracker,$13.99 ,5, 1.1 MB
 Medical, OS X 10.7  , English,HemiStim,$9.99 ,, 1.7 MB
 Medical, OS X 10.8  , English,Heart Pro III,$14.99 ,5, 661.6 MB
 Health & Fitness, OS X 10.6  , English,Healthy Food,$4.99 ,1, 21.5 MB
 Health & Fitness, OS X 10.8  ," English, German",Health Protocol,$2.99 ,3.7, 2.8 MB
 Health & Fitness, OS X 10.6  , English,Health Plus,$9.99 ,3.8, 1.6 MB
 Medical, OS X 10.10  , English,Health Check - Symptom Checker,,3.5, 4.8 MB
 Medical, OS X 10.11  , English,Health Care,,, 3.3 MB
 Medical, OS X 10.9  , English,Health Calculator,$0.99 ,1, 3.5 MB
 Health & Fitness, OS X 10.10  ," English, Arabic, Catalan, Croatian, Czech, Danish, Dutch, Finnish, French, German, Greek, Hebrew, Hungarian, Indonesian, Italian, Japanese, Korean, Malay, Norwegian BokmÃ¥l, Polish, Portuguese, Romanian, Russian, Simplified Chinese, Slovak, Spanish, Swedish, Thai, Traditional Chinese, Turkish, Ukrainian, Vietnamese",Happy Periods,,2.5, 8.8 MB
 Medical, OS X 10.9.0  , English,Hand Acupuncture,,, 65.5 MB
 Medical, OS X 10.8  , English,Hand & Wrist Pro III with Animations,$9.99 ,2, 343.9 MB
 Medical, OS X 10.7  , English,Gray's Anatomy Premium Edition,,3.3, 571.5 MB
 Health & Fitness, OS 10.12  , English,Habit Tracker,$4.99 ,3.8, 11.1 MB
 Medical, OS X 10.7  , English,Gray's Anatomy,,, 52.6 MB
 Medical, OS X 10.7 ," English, Bengali, Dutch, French, German, Italian",Goldman Risk Calculator,,1, 5.7 MB
 Games, OS X 10.6.6 , English,GM4L Skeleton,$0.99 ,, 35.4 MB
 Medical, OS 10.12  , English,GluKey,,5, 5.3 MB
 Medical, OS X 10.8  , English,GlucoSweet - Diabetes Logbook,$14.99 ,, 1.2 MB
 Medical, OS X 10.11  , English,GlucoGram,Free,4.7, 17.4 MB
 Health & Fitness, OS X 10.7.4 , English,GlucoAide,$8.99 ,4, 4.8 MB
 Health & Fitness, OS X 10.10  , English,Gluco Logger,,4, 2.6 MB
 Medical, OS 10.12  , English,GEHRIMED,,4.3, 3.9 MB
 Utilities, OS 10.13  , English,GbCat,Free,, 6.4 MB
 Education, OS X 10.6.6  , English,FreeSpeech - Build Language and Learn Grammar,$9.99 ,2, 44.7 MB
 Health & Fitness, OS X 10.10  ," English, French",FreeBMI,,3, 5.5 MB
 Medical, OS X 10.7  , English,Foods and Moods,,1, 1.5 MB
 Health & Fitness, OS X 10.10  , English,Food Values,$1.99 ,, 183.6 KB
 Health & Fitness, OS X 10.11  , Italian,FitStat,,, 5.3 MB
 Medical, OS X 10.8 , English,Eye Anatomy 3D,$2.99 ,1, 47.7 MB
 Medical, OS X 10.6.6 , English,Extra Point Lite,,, 164.8 MB
 Medical, OS X 10.6.6 , English,Explain 3D: Human body,,1, 211.2 MB
 Medical, OS X 10.7  , English,Evidence Based OMT,$49.99 ,5, 1 GB
 Medical, OS X 10.8  , English,Essential Skeleton 4,Free,4.3, 109.7 MB
 Medical, OS X 10.10  , English,Essential Anatomy 5,,4.1, 697.3 MB
 Medical, OS X 10.7  , English,Espresso Ray 3D,,1.3, 27.6 MB
 Medical, OS X 10.7  , English,Espresso Ray,$4.99 ,2.3, 6.8 MB
 Medical, OS X 10.6.6 , English,Eponyms,Free,4.2, 752.3 KB
 Medical, OS X 10.11  ," English, French",EP Calipers,,5, 9.3 MB
 Medical, OS X 10.7  , English,Endocrinology Calculators,,, 1.9 MB
 Medical, OS X 10.9  ," English, Japanese, Simplified Chinese, Traditional Chinese",EMT Pro - Practice Exams & Study Guide,,, 4 MB
 Education, OS X 10.6  , English,EMT Basic Exam Prep,$7.99 ,3.5, 1.6 MB
 Medical, OS X 10.9  ," English, Japanese, Simplified Chinese, Traditional Chinese",Emergency Radiology - Learn MRI and CT Scan Imaging Cases,,3, 463.1 MB
 Medical, OS X 10.10  , English,EMeetings,Free,, 26.6 MB
 Medical, OS X 10.8  , English,Elbow Pro III,$9.99 ,4.5, 275 MB
 Education, OS X 10.9  , English,"EKG Classes - Exams, Quizzes, Exams for Medical Training and Education",,3, 111.6 MB
 Education, OS X 10.9.0  , English,EducationXR,,5, 101.8 MB
 Medical, OS X 10.9  ," English, Japanese, Simplified Chinese, Traditional Chinese",Echocardiography - Case Study and Review,,3, 742.2 MB
 Medical, OS X 10.9  , English,ECG Refresher - Rhythm characteristics and diagnostic criteria,,1, 4.2 MB
 Medical, OS X 10.10  ," English, Japanese, Simplified Chinese, Traditional Chinese","ECG Pro - Cases, Exams and Compendiums for CME",,3, 15.7 MB
 Education, OS X 10.9.0 , English,EasyCellBio,$15.99 ,, 780.3 MB
 Medical, OS X 10.11  ," English, French, German, Italian, Japanese, Portuguese, Simplified Chinese, Spanish, Traditional Chinese",ECG A-Z Pro - Cardiology Clinical Diagnosis,,5, 199.9 MB
 Health & Fitness, OS X 10.6.6 , English,Drink More Water,$0.99 ,1.5, 1.2 MB
 Medical, OS X 10.9.0  ," English, Amharic, Arabic, Bengali, Bulgarian, Catalan, Croatian, Czech, Danish, Dutch, Estonian, Filipino, Finnish, French, German, Greek, Gujarati, Hebrew, Hindi, Hungarian, Indonesian, Italian, Japanese, Kannada, Korean, Latvian, Lithuanian, Malay, Malayalam, Marathi, Norwegian BokmÃ¥l, Persian, Polish, Portuguese, Romanian, Russian, Serbian, Simplified Chinese, Slovak, Slovenian, Spanish, Swahili, Swedish, Tamil, Telugu, Thai, Traditional Chinese, Turkish, Ukrainian, Vietnamese",DoseSmart,,1, 122.4 MB
 Medical, OS 10.13  , English,Dornheim DICOM Viewer,,2.3, 275.9 MB
 Medical, OS X 10.10.0  ," English, Amharic, Arabic, Bengali, Bulgarian, Catalan, Croatian, Czech, Danish, Dutch, Estonian, Filipino, Finnish, French, German, Greek, Gujarati, Hebrew, Hindi, Hungarian, Indonesian, Italian, Japanese, Kannada, Korean, Latvian, Lithuanian, Malay, Malayalam, Marathi, Norwegian BokmÃ¥l, Persian, Polish, Portuguese, Romanian, Russian, Serbian, Simplified Chinese, Slovak, Slovenian, Spanish, Swahili, Swedish, Tamil, Telugu, Thai, Traditional Chinese, Turkish, Ukrainian, Vietnamese",DocsInk,Free,5, 92.6 MB
 Medical, OS X 10.11  , Italian,Diet Planner Plus,,, 5.4 MB
 Medical, OS X 10.11  , Italian,Diet Planner,,, 4 MB
 Medical, OS X 10.10  , English,DICOMåˆ†æ_êå·¥å…·,,5, 67.2 MB
 Medical, OS X 10.7  , English,Dicom3D - Easy and Powerful,,, 28.7 MB
 Medical, OS X 10.10  , English,DICOM Quicklook by OsiriX,$5.99 ,2, 8.4 MB
 Medical, OS X 10.10  , English,DICOM Data View,$4.99 ,1.4, 2.5 MB
 Medical, OS 10.13  ," English, German",DiabetesPal,,5, 13.9 MB
 Health & Fitness, OS X 10.7  , English,Diabetes Pilot,,4.2, 2.6 MB
 Medical, OS X 10.11  , English,Dental Patient Education,$59.99 ,3.3, 1.2 GB
 Medical, OS X 10.6.6  , English,Dental Corpus Primary Lite,,1, 22.5 MB
 Medical, OS X 10.6.6  , English,Dental Corpus Primary,,, 55.3 MB
 Medical, OS X 10.6.6 , English,Dental Corpus Anatomy Lite,Free,1, 31.3 MB
 Medical, OS X 10.6.6 , English,Dental Corpus Anatomy,$18.99 ,, 56.9 MB
 Medical, OS X 10.10  , English,DCM Viewer,$9.99 ,1, 957 KB
 Education, OS X 10.9  , English,David Plasters,$0.99 ,5, 7.8 MB
 Medical, OS X 10.7  , English,DAT(Dental Admission Test) Exam Prep,$4.99 ,1, 5.4 MB
 Utilities, OS 10.12  , English,Dark Mode for Safari,$1.99 ,3.7, 4.5 MB
 Education, OS X 10.11  , English,DAQ Plot,$19.99 ,, 15.2 MB
 Utilities, OS X 10.11  , English,Dalton Lens,Free,5, 4.5 MB
 Education, OS X 10.6  , English,Critical Care Nurse Specialist Test Prep,,1, 1.8 MB
 Medical, OS X 10.10  , English,Critical Care A-Z / Nursing & Emergency Medicines,,, 116 MB
 Education, OS 10.14  , English,Crack the PCAT - PCAT Exam,Free,3.7, 3.8 MB
 Education, OS 10.14  , English,Crack the DAT Dental Admission,Free,5, 4.4 MB
 Medical, OS X 10.11  , English,Course for Video game addiction,$9.99 ,, 313.6 MB
 Medical, OS X 10.9  , English,CorticalPerimeter,Free,5, 8 MB
 Health & Fitness, OS X 10.6.6 , English,Core Yoga,,3, 25 MB
 Health & Fitness, OS X 10.10  , English,Connected Health,,, 6.6 MB
 Medical, OS 10.12  , English,Complete Heart,,4.8, 296.4 MB
 Medical, OS 10.12  , English,Complete Anatomy Platform 2020,,4.5, 1.1 GB
 Medical, OS 10.13  ," English, French, German",Compendium - Drug Guide,,, 9.3 MB
 Medical, OS 10.12  ," English, French, German",CoMed Desitin,,5, 102.2 MB
 Education, OS X 10.6.6 , English,COM4,Free,3, 14.1 MB
 Education, OS X 10.6  , English,CNOR Exam Prep,$5.99 ,, 1.2 MB
 Medical, OS X 10.7  , English,CNA(Certified Nursing Assistant) Exam Prep,$4.99 ,5, 1.2 MB
 Medical, OS X 10.11  , English,CNA Test,,, 15.2 MB
 Education, OS X 10.7  , English,CMA Test Prep,$9.99 ,5, 1.2 MB
 Medical, OS X 10.7  , English,Clinical ORthopaedic Exam,$49.99 ,2.7, 5.3 MB
 Medical, OS X 10.9  , English,Childcare from Birth to Age 2,,, 5.1 MB
 Medical, OS X 10.9  , English,ChestAnatomy,$2.99 ,5, 58.8 MB
 Medical, OS X 10.7 ," English, Bengali, Dutch, French, German, Italian, Portuguese",Check-up Vascular,Free,, 6 MB
 Health & Fitness, OS X 10.6.6 , English,Change Talk for Childhood Obesity,Free,, 36.5 MB
 Medical, OS X 10.7  , English,CEN Practice Test,$6.99 ,, 8.9 MB
 Medical, OS X 10.7  , English,CEN (Certified Emergency Nurse) Exam Prep,$4.99 ,, 4.1 MB
 Medical, OS X 10.6.6 , English,Celula Humana 3D st,$0.99 ,, 17.7 MB
 Medical, OS X 10.9 ," English, Bengali, Dutch, French, German, Italian, Portuguese",CEAP,$19.99 ,5, 8.3 MB
 Medical, OS X 10.11  , English,CCRN Practice Test 2018,,, 14.8 MB
 Medical, OS X 10.7  , English,CCRN(Critical Care Register Nurse) Exam Prep,$8.99 ,4, 4.2 MB
 Health & Fitness, OS X 10.11  , English,CBT Journal,,5, 4.1 MB
 Health & Fitness, OS X 10.9  ," English, Bulgarian, Dutch, French, German, Greek, Italian, Japanese, Korean, Portuguese, Russian, Simplified Chinese, Spanish, Swedish, Turkish",Cardiograph,$1.99 ,1.6, 2.6 MB
 Medical, OS X 10.6 , English,CARDIO3Â® Atlas of Interventional Cardiology â€“ Lite,Free,5, 703.1 KB
 Medical, OS X 10.9.0  , English,CAPTIV8+,,1, 113.6 MB
 Medical, OS X 10.6 , English,Brain Pro,$9.99 ,2.9, 150.9 MB
 Medical, OS X 10.8 , English,Brain Parts 3D,$1.99 ,1.3, 36.5 MB
 Medical, OS X 10.6.6 , English,BoneBoxâ„¢ - Skull Viewer,Free,4.7, 58.1 MB
 Health & Fitness, OS X 10.6 ," English, French, German, Italian, Russian, Spanish",BpGrapher - BloodPressure+Pulse,$2.99 ,1, 1.9 MB
 Medical, OS X 10.6.6 , English,BoneBoxâ„¢ - Hand,Free,5, 56.5 MB
 Medical, OS X 10.6.6 , English,BoneBox-Foot,,3.7, 36.8 MB
 Medical, OS X 10.6.6 , English,BoneBox - Spine Viewer,,3, 42.5 MB
 Health & Fitness, OS X 10.6 ," English, German",Body-Mass-Index,$0.99 ,3, 481.9 KB
 Health & Fitness, OS X 10.8  , English,Body Fat Calculator,$1.99 ,, 1.7 MB
 Health & Fitness, OS X 10.6  , English,BMI Calculator,$0.99 ,1, 141.9 KB
 Health & Fitness, OS X 10.6.6  ," English, French, German, Spanish",BMI,$0.99 ,3, 1.5 MB
 Medical, OS X 10.11  , English,BloodPressureMD: Heart Health,,3, 6.2 MB
 Medical, OS X 10.9  , English,Blood Sugar Diary,,4, 1.8 MB
 Health & Fitness, OS X 10.7  ," English, French, German, Spanish",Blood Pressure Monitor,$0.99 ,1.1, 2.6 MB
 Health & Fitness, OS X 10.8  , English,Blood Pressure Management,Free,3, 3.2 MB
 Medical, OS X 10.10  , English,Blood Pressure Diary 2,,1.2, 4.5 MB
 Medical, OS X 10.9  , English,Blood Pressure Diary,,3, 1.5 MB
 Medical, OS X 10.8  ," English, Finnish, French, German, Russian, Spanish",Blood Pressure & Pulse Diary,$9.99 ,2.5, 5.6 MB
 Medical, OS X 10.7  , English,Biology and Human Body Anatomy simpleNeasy app by WAGmob,Free,1.8, 30.6 MB
 Education, OS X 10.11  , English,BioLabDonkey,$25.99 ,, 23.7 MB
 Medical, OS X 10.11  ," English, Bulgarian, Croatian, Czech, Danish, Dutch, Estonian, Finnish, French, German, Greek, Hungarian, Irish, Italian, Latvian, Lithuanian, Maltese, Polish, Portuguese, Romanian, Slovak, Slovenian, Spanish, Swedish",BiodyManager,Free,, 5.9 MB
 Health & Fitness, OS 10.13  ," English, French, German, Italian, Japanese, Simplified Chinese, Spanish, Traditional Chinese",Binaural,Free,4.4, 5.5 MB
 Medical, OS X 10.11  , English,Better Exam Prep,,4.5, 13.5 MB
 Medical, OS X 10.9  , English,Basic Health Calculators,$0.99 ,, 3.2 MB
 Medical, OS X 10.7 , English,Back Muscles Animated,$1.99 ,2, 43.5 MB
 Health & Fitness, OS X 10.8  , English,Baby Tracker,$0.99 ,1, 3.5 MB
 Medical, OS X 10.7 ," English, Bengali, Dutch, French, German, Italian",Apgar Score,,5, 6.2 MB
 Medical, OS X 10.8  , English,Ankle & Foot Pro III,$9.99 ,1, 371.8 MB
 Medical, OS X 10.8 , English,AnimatedBeatHeart,$2.99 ,1, 46.8 MB
 Medical, OS X 10.8  ," English, French, German, Japanese, Portuguese",Anatomy Quiz+,$2.99 ,1.7, 99.8 MB
 Education, OS X 10.10  , English,Anatomy Lesson 3D: Human Body,Free,1, 67.3 MB
 Medical, OS X 10.7 , English,Anatomy Game Anatomicus,$8.99 ,2, 68.6 MB
 Education, OS X 10.7  , English,Anatomy Bundle by WAGmob,Free,2, 46.9 MB
 Medical, OS X 10.7  , English,Anatomy 3D Organs,$2.99 ,3, 250.9 MB
 Medical, OS X 10.9.0  ," English, French, German, Japanese, Simplified Chinese, Spanish",Anatomy & Physiology,,2.8, 1.4 GB
 Medical, OS 10.12  ," English, French, German",AmiKo Desitin,,5, 101.1 MB
 Travel, OS 10.13  , English,AllergyMe Translate - Eat Safe,$0.99 ,, 3.8 MB
 Medical, OS X 10.6 , English,Alcohol-Units-Calculator,,, 297.6 KB
 Medical, OS X 10.11  ," English, Portuguese",AHA eBook Reader,,2.1, 14.9 MB
 Medical, OS X 10.11  , English,ACP Board Study Guide,,5, 7.3 MB
 Medical, OS X 10.8  , English,VTNE,,, 6.3 MB
 Medical, OS X 10.10  ,,VTConnect,Free,5, 7.7 MB
 Medical, OS X 10.9  , English,VoiceNote,,2, 8.4 MB
 Medical, OS X 10.6.6  , English,Visual Anatomy 3D | Human,,2.3, 97.4 MB
 Medical, OS X 10.6.6 , English,Visual Anatomy - Frog,,, 89.2 MB
 Medical, OS X 10.8  , English,Visual Acupuncture 3D,uent/Mild Sexual Content and Nudity,4, 98.3 MB
 Medical, OS X 10.6.6 , English,Visual Anatomy - Canine,,2, 98.1 MB
 Medical, OS X 10.6.6 , English,Visual Acuity,$99.99 ,, 11.1 MB
 Medical, OS X 10.11  , English,Vision Tests,$2.99 ,1, 9.9 MB
 Education, OS X 10.6  , English,Veterinary Technician Exam Prep,,3, 1.2 MB
 Medical, OS X 10.6 , English,Vertebral Column,$0.99 ,1, 40.4 MB
 Medical, OS X 10.9 ," English, Bengali, Dutch, French, German, Italian, Portuguese",Valor Cirurgico,$0.99 ,, 6.5 MB
 Music, OS X 10.7.5  ,,Jamboxx,Free,5, 99.2 MB
 Medical, OS X 10.10  , English,Knight Reader,$4.99 ,3, 273 KB
 Medical, OS X 10.7  , English,Weight-Monitor,$1.99 ,1.4, 727.7 KB
 Health & Fitness, OS X 10.6.6 , English,Yoga for Migraines,,5, 30.9 MB
 Medical, OS X 10.6.6 , English,3DHeart,$0.99 ,3, 9 MB
 Medical, OS X 10.6.6 , English,3D Tooth - St,,2.2, 94.9 MB
 Medical, OS X 10.6.6 , English,3DBrain,,1.8, 54.9 MB
 Medical, OS X 10.6.6 , English,3D Spine St,$0.99 ,1, 16.6 MB
 Medical, OS X 10.8 , English,"3D Organon Anatomy - Skeleton, Bones, and Ligaments",,3.2, 133.7 MB
 Medical, OS X 10.8 , English,3D Organon Anatomy,,1, 828.9 MB
 Medical, OS X 10.6.6 , English,3D Nervous System,$0.99 ,1.5, 17.3 MB
 Medical, OS X 10.6.6 , English,3D Human Body Organs Reference,,1.9, 57.3 MB
 Medical, OS X 10.6  , English,3D Dermatomes,,2.4, 28 MB
 Health & Fitness, OS X 10.6.6 , English,Yoga for Insomnia,,1, 26.9 MB
 Health & Fitness, OS X 10.6.6 , English,Yoga for Back Pain Relief,,3, 28.7 MB
 Health & Fitness, OS 10.12  ," English, Portuguese",Weight Loss,$3.99 ,, 176.9 MB
 Health & Fitness, OS X 10.10  , English,Weight Diary Lite,,2, 5.3 MB
 Health & Fitness, OS X 10.10  , English,Weight Diary,,2, 3 MB
 Medical, OS X 10.8  , English,Knee Pro III with Animations,$9.99 ,5, 402.8 MB
 Medical, OS X 10.6.6 , English,Knee Anatomy 3D,$0.99 ,1, 19.4 MB
 Medical, OS X 10.6 , English,Kidney Motion,$1.99 ,, 58.6 MB